Species,SVSPP,YEAR,MeanCond,StdDevCond,nCond,n
Acadian redfish,155,1992,99.3348273828616,6.567087910281312,272,29
Acadian redfish,155,1993,100.23549999327544,6.450912070585719,326,29
Acadian redfish,155,1994,98.74591800823585,6.761626625524181,305,29
Acadian redfish,155,1995,98.33187615984727,6.710731668425654,320,29
Acadian redfish,155,1996,100.13355180721165,6.743417775135227,402,29
Acadian redfish,155,1997,99.86410246625485,6.325848600679066,485,29
Acadian redfish,155,1998,102.54465984166377,6.186750776364385,412,29
Acadian redfish,155,1999,99.28634186222365,6.60076701561523,449,29
Acadian redfish,155,2000,99.4076026079104,6.2454966673741055,382,29
Acadian redfish,155,2001,97.37432935661762,6.399006744578769,383,29
Acadian redfish,155,2002,96.92008191974716,6.443799556893902,378,29
Acadian redfish,155,2003,96.75371243443382,6.262308221785874,397,29
Acadian redfish,155,2004,97.738825916476,6.402151413153733,615,29
Acadian redfish,155,2005,97.52936824604663,6.544699778818819,454,29
Acadian redfish,155,2006,97.7803938968409,6.64715830540024,609,29
Acadian redfish,155,2007,98.21097416146822,6.488003989591565,576,29
Acadian redfish,155,2008,96.45675748442788,6.137474443539564,1124,29
Acadian redfish,155,2009,97.43583379536771,6.460367728846031,662,29
Acadian redfish,155,2010,97.08348661464375,6.441507567617219,578,29
Acadian redfish,155,2011,97.43087048618209,6.196612122626046,564,29
Acadian redfish,155,2012,97.83121495408675,6.565995201900908,863,29
Acadian redfish,155,2013,98.13964789205627,6.921402688181824,638,29
Acadian redfish,155,2014,98.17143728298872,6.728582835487782,575,29
Acadian redfish,155,2015,98.8763405314062,6.981575123367933,670,29
Acadian redfish,155,2016,97.53716355393188,6.655973403318163,665,29
Acadian redfish,155,2017,97.00080709946214,6.629249866524963,203,29
Acadian redfish,155,2018,97.50573254376307,6.37016504244298,395,29
Acadian redfish,155,2019,97.54077581657477,6.37857094911234,490,29
Acadian redfish,155,NA,97.88392870884249,8.65179871990041,2,29
American plaice,102,1992,100.91768915210838,7.499995791507126,401,28
American plaice,102,1993,103.25845512675745,6.816302258044111,421,28
American plaice,102,1994,101.1629130657657,7.596232178552616,362,28
American plaice,102,1995,99.9117639193272,7.788353570419609,381,28
American plaice,102,1996,100.78737044234263,7.7485255788500815,359,28
American plaice,102,1997,102.59177393117604,7.449198850569749,380,28
American plaice,102,1998,102.09688765714002,7.549163441338534,407,28
American plaice,102,1999,101.38098824555816,7.488438117383495,604,28
American plaice,102,2000,99.70740984655795,7.868647861890945,370,28
American plaice,102,2001,98.96819634141328,7.637373199233684,361,28
American plaice,102,2002,98.07620003178599,7.039245351012084,343,28
American plaice,102,2003,98.31794281746345,7.554954445771064,309,28
American plaice,102,2004,96.81634132398042,7.1585494844225215,244,28
American plaice,102,2005,97.21435148195121,7.618129149101612,321,28
American plaice,102,2006,97.55682999627982,7.504248913671129,451,28
American plaice,102,2007,97.40417453136094,7.665618485212924,420,28
American plaice,102,2008,97.5884301992261,7.771086456457368,845,28
American plaice,102,2009,98.56840500036242,7.928348915916917,517,28
American plaice,102,2010,98.97130217248119,7.848694733267779,480,28
American plaice,102,2011,98.55714505452745,7.543193718655381,525,28
American plaice,102,2012,100.47902655251437,7.378244002133872,544,28
American plaice,102,2013,102.12586719411995,7.553136480747221,448,28
American plaice,102,2014,101.69625115954008,7.7987760734581,486,28
American plaice,102,2015,102.18158814919288,7.165776209934727,870,28
American plaice,102,2016,102.60480452049855,7.131328276993055,662,28
American plaice,102,2017,100.8004645155181,7.732770291297971,267,28
American plaice,102,2018,100.11131974200528,7.2693266979079665,344,28
American plaice,102,2019,98.81160056053268,7.519647552619101,466,28
Atlantic cod,73,1992,99.7973079094698,6.020821174918971,231,29
Atlantic cod,73,1993,99.9467575768185,6.043800352997297,216,29
Atlantic cod,73,1994,99.19439212782714,6.16804903232653,285,29
Atlantic cod,73,1995,99.57699734620778,6.16657404634844,213,29
Atlantic cod,73,1996,99.77562594703015,5.805509663917502,285,29
Atlantic cod,73,1997,100.6681187838541,6.086239216592924,387,29
Atlantic cod,73,1998,99.92881528044714,6.173684832663493,331,29
Atlantic cod,73,1999,100.79297844284848,6.142064044784149,301,29
Atlantic cod,73,2000,98.71932369089397,6.001017489301105,218,29
Atlantic cod,73,2001,98.68136989609152,6.11016536701338,214,29
Atlantic cod,73,2002,100.0200893279439,5.999108377635602,324,29
Atlantic cod,73,2003,99.75329581012946,6.232329853361043,257,29
Atlantic cod,73,2004,97.8324479839736,6.227504113292999,242,29
Atlantic cod,73,2005,97.9827092811116,5.888213792661996,216,29
Atlantic cod,73,2006,98.79179448987539,6.382220631009532,1380,29
Atlantic cod,73,2007,99.07728706251342,6.044141498419407,161,29
Atlantic cod,73,2008,99.37186823129106,6.31510695887751,534,29
Atlantic cod,73,2009,99.5707446066664,6.271762657176205,499,29
Atlantic cod,73,2010,98.74077269839408,5.970635202276903,415,29
Atlantic cod,73,2011,99.00412276428511,6.232225192684296,531,29
Atlantic cod,73,2012,100.13275065157161,6.505254312674057,294,29
Atlantic cod,73,2013,99.46393276884623,5.78282063379813,281,29
Atlantic cod,73,2014,99.56659601826337,6.363263936452895,208,29
Atlantic cod,73,2015,101.2578568837745,6.022673937598124,626,29
Atlantic cod,73,2016,99.04198837183249,6.173494304710249,516,29
Atlantic cod,73,2017,99.80474373039968,6.672725582601949,144,29
Atlantic cod,73,2018,100.69157161454125,5.956250918139093,202,29
Atlantic cod,73,2019,100.44460252335546,5.842212272703129,145,29
Atlantic cod,73,NA,108.38735832752242,NaN,1,29
Atlantic herring,32,1992,93.10264453617744,21.127614014504253,484,28
Atlantic herring,32,1993,108.6341266188311,12.943656077430488,429,28
Atlantic herring,32,1994,112.22256196052355,47.24105605183633,335,28
Atlantic herring,32,1995,108.52688784294872,13.74948070843461,475,28
Atlantic herring,32,1996,103.4245676004571,10.99327318396714,497,28
Atlantic herring,32,1997,102.52246359654326,14.011415031176659,414,28
Atlantic herring,32,1998,104.34533871142041,12.864750884007563,857,28
Atlantic herring,32,1999,106.59300198110822,13.374576028612887,541,28
Atlantic herring,32,2000,111.15566204481136,16.761546838834946,647,28
Atlantic herring,32,2001,111.85938484476567,14.414371848127674,1066,28
Atlantic herring,32,2002,106.9755947268769,14.778592538812324,1171,28
Atlantic herring,32,2003,107.6182436383279,13.506749505167786,806,28
Atlantic herring,32,2004,103.31092219562562,12.927245802659613,1022,28
Atlantic herring,32,2005,104.23631842335746,14.358004795792032,1407,28
Atlantic herring,32,2006,108.2357306138703,15.658316382290568,1002,28
Atlantic herring,32,2007,109.82393057851097,12.77326544819315,1243,28
Atlantic herring,32,2008,109.99522237558028,14.741593862500173,1255,28
Atlantic herring,32,2009,106.33367864644492,14.392221059211133,1075,28
Atlantic herring,32,2010,100.67613215094035,11.454101037128389,1596,28
Atlantic herring,32,2011,103.8176790635471,10.973802419936888,1295,28
Atlantic herring,32,2012,104.10505382662862,11.898631250760463,1549,28
Atlantic herring,32,2013,100.0405172921038,10.040167191207914,707,28
Atlantic herring,32,2014,100.61188068267792,10.308942201332025,771,28
Atlantic herring,32,2015,100.70942668514512,11.281320927494146,938,28
Atlantic herring,32,2016,102.24471628677892,11.98218185904816,649,28
Atlantic herring,32,2017,97.05169191718404,10.514243814755083,344,28
Atlantic herring,32,2018,101.61499405570845,11.198550249118076,237,28
Atlantic herring,32,2019,101.86187975368112,13.20267679025944,372,28
Atlantic mackerel,121,1992,106.02293649768649,4.591381328387492,29,27
Atlantic mackerel,121,1993,104.67137929608171,5.874960134733527,49,27
Atlantic mackerel,121,1994,107.54277022051305,4.498366038261576,38,27
Atlantic mackerel,121,1995,103.49595429152028,6.035732980989679,38,27
Atlantic mackerel,121,1996,107.25031587700585,4.686461938652295,32,27
Atlantic mackerel,121,1997,105.90350311107693,6.010728542935013,22,27
Atlantic mackerel,121,1998,103.4908134319184,5.673762685647611,91,27
Atlantic mackerel,121,1999,106.9724623105848,4.6082498910584215,16,27
Atlantic mackerel,121,2000,100.58629251480092,8.105822029283107,28,27
Atlantic mackerel,121,2001,104.17585769787809,4.996246735210446,50,27
Atlantic mackerel,121,2002,104.81623216287488,7.411215308368813,36,27
Atlantic mackerel,121,2003,105.76279600766854,5.242589666362825,41,27
Atlantic mackerel,121,2004,101.83451080005396,6.453052802594512,31,27
Atlantic mackerel,121,2005,102.06581856786562,5.619122200464436,28,27
Atlantic mackerel,121,2006,103.9029345182,7.212033413879737,12,27
Atlantic mackerel,121,2007,103.885502734305,5.825664038767929,22,27
Atlantic mackerel,121,2008,104.86065390313249,5.1999168741336534,34,27
Atlantic mackerel,121,2009,103.1349899773736,6.740011685399171,42,27
Atlantic mackerel,121,2010,102.35264185011476,6.293069299750123,112,27
Atlantic mackerel,121,2011,104.47264190705393,5.735597962264766,78,27
Atlantic mackerel,121,2012,104.01592245833403,5.817692899262053,49,27
Atlantic mackerel,121,2013,103.54531064531753,5.262722458135483,39,27
Atlantic mackerel,121,2014,106.13733242617118,4.89016908983085,85,27
Atlantic mackerel,121,2015,104.92227467144656,5.877302214357658,95,27
Atlantic mackerel,121,2016,104.15925660409522,6.3019493938446205,118,27
Atlantic mackerel,121,2018,102.67938639451297,6.527250715805839,68,27
Atlantic mackerel,121,2019,101.53059499325104,6.228982923106173,77,27
Black sea bass,141,1992,103.95521149507385,9.09595005990644,50,28
Black sea bass,141,1993,102.22912761763484,9.846256519559649,37,28
Black sea bass,141,1994,103.53033848137188,8.390131122955522,35,28
Black sea bass,141,1995,105.11521133724936,8.826182560221001,56,28
Black sea bass,141,1996,103.44869964019136,9.17621406384883,36,28
Black sea bass,141,1997,105.99110415094401,7.511244268374104,57,28
Black sea bass,141,1998,102.51803391252835,10.397292964801993,50,28
Black sea bass,141,1999,103.85730859816609,8.847798747885305,35,28
Black sea bass,141,2000,105.09689120957835,9.305749023275787,81,28
Black sea bass,141,2001,102.33182173932177,9.341471679423886,71,28
Black sea bass,141,2002,101.6931651528196,8.967966011908112,128,28
Black sea bass,141,2003,100.13972099675351,8.609370560792106,120,28
Black sea bass,141,2004,100.69259735584275,9.102366654936105,60,28
Black sea bass,141,2005,100.12672036597641,8.75296036673552,26,28
Black sea bass,141,2006,102.90289365850636,8.376159180182599,32,28
Black sea bass,141,2007,98.96533063336962,8.609295345152995,57,28
Black sea bass,141,2008,101.48029735385047,8.200724161210937,53,28
Black sea bass,141,2009,101.93801662847285,8.426723841410205,200,28
Black sea bass,141,2010,100.37032041424543,8.752460941959278,142,28
Black sea bass,141,2011,103.86396337582643,8.980162876355829,173,28
Black sea bass,141,2012,101.70490064969816,8.418609218013295,287,28
Black sea bass,141,2013,105.66473677829319,8.077327777673013,170,28
Black sea bass,141,2014,101.56303680721561,8.749454863895657,267,28
Black sea bass,141,2015,100.47678097748795,9.39584334223608,325,28
Black sea bass,141,2016,100.60815198469749,9.415956866679624,205,28
Black sea bass,141,2017,102.19654802754478,8.74362108085629,23,28
Black sea bass,141,2018,97.51810194887848,8.849422446858126,240,28
Black sea bass,141,2019,100.7662392317826,9.185708405568167,259,28
Bluefish,135,1992,95.35026265307339,5.171157102211873,73,27
Bluefish,135,1993,98.58384091997934,5.336268128049998,41,27
Bluefish,135,1994,97.36643470950078,4.742895877406012,103,27
Bluefish,135,1995,95.61543657074787,5.188998114014923,121,27
Bluefish,135,1996,95.49578367190983,4.950413366040707,82,27
Bluefish,135,1997,97.18131150592137,5.469255732961832,43,27
Bluefish,135,1998,97.05027011836393,5.599653410950657,69,27
Bluefish,135,1999,96.80705789823003,5.5760558106654114,116,27
Bluefish,135,2000,96.07846997749517,5.058779260539769,91,27
Bluefish,135,2001,95.46408740609179,4.971467143259239,47,27
Bluefish,135,2002,95.70562262475723,5.11130676465226,54,27
Bluefish,135,2003,95.45129860039877,5.464367078558379,77,27
Bluefish,135,2004,92.94723790875865,3.415623906070003,50,27
Bluefish,135,2005,95.38885253598913,4.794335200039962,70,27
Bluefish,135,2006,94.43649876672471,4.897072200984282,91,27
Bluefish,135,2007,95.1968631302287,4.647853247568281,64,27
Bluefish,135,2008,94.70409925943352,4.847024708828793,81,27
Bluefish,135,2009,96.9054680825241,4.8803962526602565,89,27
Bluefish,135,2010,96.70033053566443,5.462811929752164,111,27
Bluefish,135,2011,94.79179047670044,4.283488220209103,75,27
Bluefish,135,2012,95.45285622909165,5.19432236811439,78,27
Bluefish,135,2013,96.92293929820163,5.644110928181909,30,27
Bluefish,135,2014,94.67557280800771,5.146627556092916,56,27
Bluefish,135,2015,96.63735567026467,5.904440348468014,43,27
Bluefish,135,2016,95.09999665157748,4.6314448537158786,53,27
Bluefish,135,2018,96.85296152095319,5.9685207424043885,59,27
Bluefish,135,2019,96.47262729741765,5.477424292597301,73,27
Butterfish,131,1992,106.50183060308036,16.931706079512587,457,27
Butterfish,131,1993,107.8774703711282,14.48421963871459,530,27
Butterfish,131,1994,104.05720815782185,15.861805160064359,605,27
Butterfish,131,1995,107.69415061679268,16.74735201743678,539,27
Butterfish,131,1996,108.81900150541573,13.445938015398287,415,27
Butterfish,131,1997,105.3782177020934,14.524721914685253,380,27
Butterfish,131,1998,106.49987917525964,19.96303929134541,590,27
Butterfish,131,1999,108.93678070116361,15.696462112219601,421,27
Butterfish,131,2000,111.85948152691272,16.191652308514517,309,27
Butterfish,131,2001,95.79397019310169,13.165118143775183,336,27
Butterfish,131,2002,100.60213455745202,19.157493423211175,367,27
Butterfish,131,2003,106.09446381342333,15.948586081117105,427,27
Butterfish,131,2004,98.89722345645701,11.715277442578177,21,27
Butterfish,131,2005,98.3039349183009,11.40239093934145,17,27
Butterfish,131,2006,100.52241598180967,17.224707192483677,565,27
Butterfish,131,2007,102.76838463644292,13.544475899816248,310,27
Butterfish,131,2008,99.69024629919133,26.070785841744232,667,27
Butterfish,131,2009,101.37782011727967,16.193160964867328,625,27
Butterfish,131,2010,105.59868253435491,15.052233600359532,645,27
Butterfish,131,2011,105.7461881378241,14.117553059880409,984,27
Butterfish,131,2012,106.45688959781184,14.020305397857413,500,27
Butterfish,131,2013,108.29113070718444,13.955152990066633,504,27
Butterfish,131,2014,104.80117068375182,13.873802281837156,577,27
Butterfish,131,2015,107.14039254586261,15.393573344252474,480,27
Butterfish,131,2016,110.70725064146433,15.590170809222384,458,27
Butterfish,131,2018,109.03697295937992,15.30350550512452,379,27
Butterfish,131,2019,108.42095255348967,14.662352174841475,367,27
Fourspot,104,1992,100.85611341694263,9.571622384387565,337,27
Fourspot,104,1993,98.78345002544296,10.005023026455333,378,27
Fourspot,104,1994,102.23371580550206,9.48975111919929,340,27
Fourspot,104,1995,97.58151689589258,9.899277681888055,324,27
Fourspot,104,1996,95.26516345047973,9.4356962386702,397,27
Fourspot,104,1997,101.81260301047531,10.04870437473635,322,27
Fourspot,104,1998,102.08195953008592,9.219141078961947,432,27
Fourspot,104,1999,100.97462508173697,9.286451634121295,483,27
Fourspot,104,2000,100.73447273517566,10.053336914885232,263,27
Fourspot,104,2001,97.2575685320629,10.154757286179322,170,27
Fourspot,104,2002,98.34112770193902,10.079375608955715,206,27
Fourspot,104,2003,98.90256712047177,10.381431639466774,212,27
Fourspot,104,2004,96.94896477909845,10.282218035270803,126,27
Fourspot,104,2005,99.27045315369222,10.678761308240558,231,27
Fourspot,104,2006,99.26228323058383,9.422253803620025,218,27
Fourspot,104,2007,97.03286598834413,10.42541554696096,212,27
Fourspot,104,2008,98.9149822838086,11.610904242397494,195,27
Fourspot,104,2009,98.64970912399833,10.98269566560687,256,27
Fourspot,104,2010,101.6583073668939,11.563694011102518,165,27
Fourspot,104,2011,101.11986351331565,10.319685012651316,249,27
Fourspot,104,2012,98.67138218287265,10.374878371505137,286,27
Fourspot,104,2013,103.61691314006671,10.600138058122717,283,27
Fourspot,104,2014,100.48666022142301,10.533205747678029,285,27
Fourspot,104,2015,101.78343306689709,10.4101630510584,279,27
Fourspot,104,2016,102.73140283707944,10.976469314252109,263,27
Fourspot,104,2018,101.0325219885712,11.465866526277685,243,27
Fourspot,104,2019,103.37851892789833,9.718124586267123,222,27
Goosefish,197,1992,98.54425273194775,10.13025976601521,67,28
Goosefish,197,1993,97.55593110535297,10.804727798330804,79,28
Goosefish,197,1994,101.0595340948405,9.493459895671032,63,28
Goosefish,197,1995,99.57739252114312,10.552708319665943,87,28
Goosefish,197,1996,99.21471839018399,11.154589612178418,66,28
Goosefish,197,1997,98.80332208453446,9.176102451027166,55,28
Goosefish,197,1998,101.01142215443191,10.40075865104058,66,28
Goosefish,197,1999,100.08445472832868,9.3758141105865,90,28
Goosefish,197,2000,98.81783799504674,10.381510459211219,104,28
Goosefish,197,2001,97.78192936230602,9.057391632434454,117,28
Goosefish,197,2002,100.50091672855544,9.771897720290669,141,28
Goosefish,197,2003,100.49755835879327,10.244974051157051,98,28
Goosefish,197,2004,100.49451487238457,11.642772110374594,67,28
Goosefish,197,2005,99.8334807628844,10.44735336204526,83,28
Goosefish,197,2006,99.49115146016624,10.221159593390228,75,28
Goosefish,197,2007,100.98265730869917,10.64210437948083,62,28
Goosefish,197,2008,99.5735147426515,10.735132162203044,53,28
Goosefish,197,2009,98.45508869924446,9.578327708198808,364,28
Goosefish,197,2010,98.83028380955838,10.036774509258978,385,28
Goosefish,197,2011,98.65514332441441,9.457055743898676,405,28
Goosefish,197,2012,98.40653745589454,9.30813871495787,439,28
Goosefish,197,2013,98.76579963351658,9.684187938489515,317,28
Goosefish,197,2014,98.81030609642866,9.730922439053096,428,28
Goosefish,197,2015,97.15517103600101,9.89163076948512,641,28
Goosefish,197,2016,97.34023080372043,9.820658695388481,733,28
Goosefish,197,2017,96.81808168790326,9.347332425993272,297,28
Goosefish,197,2018,97.07288935306991,9.259820519048738,518,28
Goosefish,197,2019,96.73805809022626,9.34909286991061,525,28
Haddock,74,1992,102.30470669842747,5.286399633170138,171,29
Haddock,74,1993,103.14287398029873,5.414930999077488,171,29
Haddock,74,1994,101.45696574769129,5.994263209093203,214,29
Haddock,74,1995,99.78109641644663,6.367884462580391,325,29
Haddock,74,1996,101.69758420429127,5.890699336142579,399,29
Haddock,74,1997,102.30150946443705,5.866071622283291,419,29
Haddock,74,1998,101.51288290463961,6.211967420482467,447,29
Haddock,74,1999,103.194499941671,5.7645393423898605,393,29
Haddock,74,2000,101.44683402677767,6.111280922161677,412,29
Haddock,74,2001,99.73030483288248,5.931165732962613,523,29
Haddock,74,2002,99.61761664097926,5.9527821906977545,480,29
Haddock,74,2003,100.24542161188369,6.085615865944457,410,29
Haddock,74,2004,98.59076179983887,5.770460220188574,612,29
Haddock,74,2005,98.56162310555308,5.9739330583690515,715,29
Haddock,74,2006,99.42291896108264,5.9896617855886545,713,29
Haddock,74,2007,100.35407636521853,5.928841230624028,574,29
Haddock,74,2008,102.03109924189474,5.582529078674404,596,29
Haddock,74,2009,100.88811881307274,5.839296346201745,520,29
Haddock,74,2010,99.11887904528815,6.271516733163487,685,29
Haddock,74,2011,100.32763748446988,5.855076077497871,819,29
Haddock,74,2012,100.98242482277867,5.715356831526177,600,29
Haddock,74,2013,101.93122471128686,5.8187533732745615,816,29
Haddock,74,2014,101.50352751497118,5.904562584978689,1137,29
Haddock,74,2015,102.10870648247528,5.797554636450951,1384,29
Haddock,74,2016,101.0994169832218,6.210464788525281,1212,29
Haddock,74,2017,101.33481451773756,6.088409566270062,580,29
Haddock,74,2018,101.81970937199728,5.966756418166133,651,29
Haddock,74,2019,101.38315641966145,6.070666580216704,602,29
Haddock,74,NA,101.78855710576642,6.073115562349592,15,29
Little skate,26,1992,100.34306050440759,10.47329489237543,385,28
Little skate,26,1993,101.96192230730448,10.339530010163088,334,28
Little skate,26,1994,103.16657609306257,9.990034465356894,347,28
Little skate,26,1995,100.59088924814309,10.611065936885629,434,28
Little skate,26,1996,101.07045692232484,11.320509380940091,370,28
Little skate,26,1997,101.6252268445545,10.390977613502228,278,28
Little skate,26,1998,100.51749656439067,10.457545542234582,458,28
Little skate,26,1999,102.55694654880577,10.60919890911816,276,28
Little skate,26,2000,99.68380271544261,10.119786333907605,354,28
Little skate,26,2001,97.18977582502973,10.060039968075497,357,28
Little skate,26,2002,97.61643983558939,10.977977104414766,269,28
Little skate,26,2003,100.83884959849283,11.228430637862784,326,28
Little skate,26,2004,97.91496011876332,10.266542843958572,139,28
Little skate,26,2005,99.57049281037204,10.432148149295418,217,28
Little skate,26,2006,100.65484076402326,11.680425377868364,242,28
Little skate,26,2007,99.1651534060943,11.565459947054668,194,28
Little skate,26,2008,100.44435192203878,12.310802271734353,172,28
Little skate,26,2009,99.32332330334484,10.518189638390856,378,28
Little skate,26,2010,98.55178732872731,11.503144361164896,364,28
Little skate,26,2011,98.81772045372163,11.286531510886073,439,28
Little skate,26,2012,98.97756638936943,10.074555242800894,254,28
Little skate,26,2013,100.80617506504356,10.936273792385672,263,28
Little skate,26,2014,101.55830005766269,10.424025631875546,247,28
Little skate,26,2015,102.19664973535109,10.619505054889592,232,28
Little skate,26,2016,101.82179896272979,10.069046146146821,244,28
Little skate,26,2017,100.07746171433772,10.252677786192125,91,28
Little skate,26,2018,100.72412997614202,11.056700169327556,223,28
Little skate,26,2019,101.48194787609808,11.04041614226255,222,28
Ocean pout,193,1992,102.11257562107207,7.325287522097974,77,27
Ocean pout,193,1993,99.80342218967343,7.809174459738517,88,27
Ocean pout,193,1994,98.80195110769003,6.799411310688779,54,27
Ocean pout,193,1995,97.55936103691502,7.698931193638072,69,27
Ocean pout,193,1996,100.08533367258875,6.807720375760575,52,27
Ocean pout,193,1997,98.66591057725232,7.086811893493843,56,27
Ocean pout,193,1998,97.72842065617228,7.1390609303277826,84,27
Ocean pout,193,1999,99.63675997936403,6.6307519996231274,38,27
Ocean pout,193,2000,98.19940209306988,7.130480461822398,54,27
Ocean pout,193,2001,98.05710409418764,6.3236253833844644,42,27
Ocean pout,193,2002,98.50576255891107,6.512673070576257,22,27
Ocean pout,193,2003,101.50969977011164,6.814650825407281,30,27
Ocean pout,193,2004,99.36754652755988,6.563413014140429,21,27
Ocean pout,193,2005,99.08363098043658,7.495525419064608,43,27
Ocean pout,193,2006,99.67710080839977,8.15064000753603,36,27
Ocean pout,193,2007,99.97662991241934,5.493187806305119,37,27
Ocean pout,193,2008,100.70349034206254,7.374054623773195,58,27
Ocean pout,193,2009,97.11006838348547,6.787205411202633,73,27
Ocean pout,193,2010,99.46362461483184,7.293221962303808,38,27
Ocean pout,193,2011,99.18631691141185,6.307136099247391,82,27
Ocean pout,193,2012,99.98154215819577,7.051055699915784,83,27
Ocean pout,193,2013,100.25425552501008,7.411170218581942,60,27
Ocean pout,193,2014,99.5460144023242,6.929044776433342,64,27
Ocean pout,193,2015,100.97075730721602,6.782168898543519,90,27
Ocean pout,193,2016,99.6923537288717,7.686773222729119,60,27
Ocean pout,193,2018,101.71823170698178,6.725714741226483,49,27
Ocean pout,193,2019,99.61545350389666,6.830049188360506,57,27
Pollock,75,1992,102.44465289681962,7.129297032324381,81,29
Pollock,75,1993,97.94944343598576,7.308916854002885,78,29
Pollock,75,1994,102.53502793554865,6.957899353572085,70,29
Pollock,75,1995,103.49336681975994,6.324854949474877,98,29
Pollock,75,1996,100.1283753551622,6.817903115989979,85,29
Pollock,75,1997,100.75156893367023,6.817374025179612,132,29
Pollock,75,1998,98.80141052107686,6.80466596517415,124,29
Pollock,75,1999,101.17877720460498,7.203632457668265,168,29
Pollock,75,2000,98.29281722669053,7.17040623015025,93,29
Pollock,75,2001,98.38737983638795,6.729683298390111,179,29
Pollock,75,2002,98.67211200440136,7.001512563794016,150,29
Pollock,75,2003,96.14693398145614,6.551632731535376,134,29
Pollock,75,2004,97.45129538782595,6.149731050691095,181,29
Pollock,75,2005,98.01480227632118,6.744271674350782,166,29
Pollock,75,2006,98.63643492957826,6.749763063886485,84,29
Pollock,75,2007,101.06395046312457,7.337568304101878,51,29
Pollock,75,2008,98.58553340576935,7.404107691791574,85,29
Pollock,75,2009,100.71596083100977,7.28651430251327,50,29
Pollock,75,2010,99.21386974979296,6.568130559435833,99,29
Pollock,75,2011,100.89695619378739,6.2373950188732294,145,29
Pollock,75,2012,100.14872552140241,6.6601758861101805,180,29
Pollock,75,2013,100.94856907627646,7.388786704437078,79,29
Pollock,75,2014,100.05640356903066,6.0797034693528,194,29
Pollock,75,2015,98.55017566006423,6.065347688496235,247,29
Pollock,75,2016,98.96526961187442,7.335719520540599,138,29
Pollock,75,2017,98.85676369361393,6.344501392408955,76,29
Pollock,75,2018,98.25577409946344,7.18762232707246,68,29
Pollock,75,2019,97.18412121428136,5.719462400429231,50,29
Pollock,75,NA,102.81769120072309,NaN,1,29
Red hake,77,1992,99.2470481530789,10.15280053040237,626,28
Red hake,77,1993,100.56709020746594,10.34729868270603,567,28
Red hake,77,1994,100.78613155477831,10.662793785177577,534,28
Red hake,77,1995,99.8516316074149,10.10293585150961,675,28
Red hake,77,1996,99.1581119403993,10.089706232369535,664,28
Red hake,77,1997,102.42395700364948,10.762791415367765,520,28
Red hake,77,1998,101.07164315326591,10.443294134291305,807,28
Red hake,77,1999,101.32671101560243,9.89123459045859,663,28
Red hake,77,2000,98.91324881163669,10.543624020177361,723,28
Red hake,77,2001,94.62060664195101,10.740845785069952,749,28
Red hake,77,2002,97.02703626975477,9.872036698893085,314,28
Red hake,77,2003,99.19680053411493,10.69039732907632,310,28
Red hake,77,2004,93.54008912247686,9.205807445784803,229,28
Red hake,77,2005,99.65674883196773,10.04046300439315,259,28
Red hake,77,2006,98.83395758033375,10.621937040619011,303,28
Red hake,77,2007,95.91266933880027,10.287497559480991,329,28
Red hake,77,2008,98.22174499838154,10.83577057835433,313,28
Red hake,77,2009,99.10081926809147,10.82918553264202,346,28
Red hake,77,2010,99.45419440443735,11.211969045959439,201,28
Red hake,77,2011,101.86400422877176,10.314301677727443,486,28
Red hake,77,2012,102.66462385137682,10.634960406139758,659,28
Red hake,77,2013,104.35546863978445,9.669301449418478,708,28
Red hake,77,2014,102.25413258296788,10.257412750629799,902,28
Red hake,77,2015,102.33051929776502,10.19574727437064,979,28
Red hake,77,2016,101.8257608288535,10.114307858231527,771,28
Red hake,77,2017,99.45754696876439,9.64897268382008,260,28
Red hake,77,2018,103.27414148454538,10.01562024704622,562,28
Red hake,77,2019,100.38936895109498,9.559725007380207,646,28
Sea raven,164,1992,99.30934356303298,11.235399579386353,65,19
Sea raven,164,1993,101.78135346045644,10.667905922770068,46,19
Sea raven,164,1994,100.34927955031527,10.37985293457238,93,19
Sea raven,164,1995,100.05041957160277,10.49624262429563,88,19
Sea raven,164,1996,101.05442475320572,11.098099841434404,135,19
Sea raven,164,1997,100.83697705870419,10.79491679029868,97,19
Sea raven,164,1998,95.65563197849792,10.2392874350965,39,19
Sea raven,164,1999,99.99284869032323,9.740302215407915,60,19
Sea raven,164,2000,100.74753435920097,10.761525286110592,88,19
Sea raven,164,2001,96.39007424615713,11.232288937492585,56,19
Sea raven,164,2002,99.59416180245363,10.143932661638207,73,19
Sea raven,164,2003,97.1393945525693,10.964653813542277,57,19
Sea raven,164,2004,102.25636833544245,9.852571733673248,69,19
Sea raven,164,2005,99.35004770192455,10.67698765998201,81,19
Sea raven,164,2006,99.20713180152399,11.768916826684535,80,19
Sea raven,164,2007,95.75640478599222,9.743657390507606,82,19
Sea raven,164,2008,99.91777432463583,11.175351144216132,81,19
Sea raven,164,2009,97.42381338942307,11.029782004946687,61,19
Sea raven,164,2010,96.1752350090598,10.111264365228251,43,19
Silver hake,72,1992,95.48841888504158,10.763598721950583,1484,28
Silver hake,72,1993,93.14597354483145,10.329237702292229,1460,28
Silver hake,72,1994,97.33866102198485,9.846752479798775,1160,28
Silver hake,72,1995,97.26635753912085,9.821190952870008,1126,28
Silver hake,72,1996,97.74620181037,12.778840711522653,887,28
Silver hake,72,1997,101.05005101771027,11.449619433802322,924,28
Silver hake,72,1998,96.21594678596566,11.374452624011434,1161,28
Silver hake,72,1999,98.19686419268032,10.466643223171063,1270,28
Silver hake,72,2000,94.73780902229522,11.991178826971668,1078,28
Silver hake,72,2001,93.92952099641495,12.10507068098695,1216,28
Silver hake,72,2002,97.8173936952453,11.82984790227936,1091,28
Silver hake,72,2003,95.36423899554084,10.809388294662666,1293,28
Silver hake,72,2004,93.95426913058876,10.060591802655281,1023,28
Silver hake,72,2005,97.62720571927376,10.758362005900992,660,28
Silver hake,72,2006,96.4862732819277,10.9182367101425,823,28
Silver hake,72,2007,95.80771646484445,9.450771024434365,1024,28
Silver hake,72,2008,93.97851784506877,10.220840294862699,1248,28
Silver hake,72,2009,97.63593231580063,12.498426500214892,679,28
Silver hake,72,2010,99.89634040998726,11.743067668202368,696,28
Silver hake,72,2011,101.77129008057187,11.699539864041638,763,28
Silver hake,72,2012,98.11667156156716,11.485857061608952,1146,28
Silver hake,72,2013,100.61331286108326,10.430528035277074,1031,28
Silver hake,72,2014,99.90342921212994,11.134659149238804,946,28
Silver hake,72,2015,102.71431349227674,11.208716835612249,1205,28
Silver hake,72,2016,100.88780881854147,11.340937478934894,735,28
Silver hake,72,2017,96.84178222721638,10.597122009428794,314,28
Silver hake,72,2018,97.90058785228952,12.179824034855907,364,28
Silver hake,72,2019,98.29727475162119,9.640418487656616,955,28
Smooth dogfish,13,1992,100.34130520511106,5.2708519063336166,146,27
Smooth dogfish,13,1993,99.05297059100475,5.538897806232164,131,27
Smooth dogfish,13,1994,101.94071753997486,5.333133998774862,136,27
Smooth dogfish,13,1995,102.81958346607571,5.219954311793796,129,27
Smooth dogfish,13,1996,99.97156796193362,6.207583113429851,205,27
Smooth dogfish,13,1997,97.57395995594105,5.899580253725445,227,27
Smooth dogfish,13,1998,99.08464423405066,5.89881942444062,438,27
Smooth dogfish,13,1999,100.8225658188191,5.2036040997323,350,27
Smooth dogfish,13,2000,100.44948052182045,5.686970901963487,149,27
Smooth dogfish,13,2001,97.18945064242047,5.281630031410048,176,27
Smooth dogfish,13,2002,97.66528848582966,5.40437971717787,209,27
Smooth dogfish,13,2003,98.26587145184345,5.420294429309374,262,27
Smooth dogfish,13,2004,99.23947628122608,5.59564480237001,172,27
Smooth dogfish,13,2005,98.2350572069149,5.359403345997915,200,27
Smooth dogfish,13,2006,98.04054484074072,5.73841569963127,177,27
Smooth dogfish,13,2007,98.550930657024,5.366167568515318,138,27
Smooth dogfish,13,2008,99.93312477484469,5.006224771502879,99,27
Smooth dogfish,13,2009,99.93743992549484,4.943660746321319,107,27
Smooth dogfish,13,2010,98.88777274131988,5.3023037697342446,83,27
Smooth dogfish,13,2011,100.81125967986229,5.57660910656742,107,27
Smooth dogfish,13,2012,98.66324319822193,6.4015014840684366,68,27
Smooth dogfish,13,2013,98.7545957273409,5.014709065159967,70,27
Smooth dogfish,13,2014,98.63809774683054,5.55582513311033,79,27
Smooth dogfish,13,2015,98.20200476400335,5.1219868404486535,83,27
Smooth dogfish,13,2016,98.7091732439958,6.419159549390294,62,27
Smooth dogfish,13,2018,98.9604724560476,6.2127273701404855,76,27
Smooth dogfish,13,2019,98.10717399415559,6.658453440989364,83,27
Spiny dogfish,15,1992,100.81786822008974,6.5748045517864275,775,28
Spiny dogfish,15,1993,101.9359518326572,6.396340658844606,493,28
Spiny dogfish,15,1994,101.87555934304359,6.462300924431674,856,28
Spiny dogfish,15,1995,101.53815736353154,6.59904129932708,864,28
Spiny dogfish,15,1996,102.07701858018437,6.527805753884675,929,28
Spiny dogfish,15,1997,101.4855695751505,6.2258923408799625,1115,28
Spiny dogfish,15,1998,100.62677150863092,6.528076282662125,1671,28
Spiny dogfish,15,1999,101.3648441249812,6.517680220934475,1297,28
Spiny dogfish,15,2000,101.3943861432588,6.213899798924792,934,28
Spiny dogfish,15,2001,99.83422663455187,6.576428998853482,1571,28
Spiny dogfish,15,2002,102.36372137586774,6.3784493441540775,716,28
Spiny dogfish,15,2003,101.45308395814568,6.275272655211312,671,28
Spiny dogfish,15,2004,100.94401342291522,6.185581549338383,426,28
Spiny dogfish,15,2005,100.47616955058841,7.07757242740195,558,28
Spiny dogfish,15,2006,102.26533484079101,5.925502090976153,955,28
Spiny dogfish,15,2007,102.88583844692471,5.787250685968032,852,28
Spiny dogfish,15,2008,101.90102304832328,6.209668482231079,689,28
Spiny dogfish,15,2009,101.23676454128496,6.569572694244947,466,28
Spiny dogfish,15,2010,100.40802380948112,6.666797614420041,225,28
Spiny dogfish,15,2011,100.67368157530231,6.745179290017991,665,28
Spiny dogfish,15,2012,101.56669864407357,5.96546882891822,455,28
Spiny dogfish,15,2013,101.81036383156173,6.759393050762387,336,28
Spiny dogfish,15,2014,102.5300682575238,6.130681274381864,342,28
Spiny dogfish,15,2015,102.67416363134286,6.523084957226092,235,28
Spiny dogfish,15,2016,102.79387943482,6.163853850359231,324,28
Spiny dogfish,15,2017,102.74013908132149,6.195794287937758,236,28
Spiny dogfish,15,2018,102.01712558829432,6.370830380385663,202,28
Spiny dogfish,15,2019,100.92644784333805,5.9930479624591015,341,28
Spotted hake,78,1992,101.65658277499703,6.828306878656669,245,27
Spotted hake,78,1993,102.2763547029783,5.629538980741187,203,27
Spotted hake,78,1994,102.70882200749676,5.839286567190907,221,27
Spotted hake,78,1995,101.67560486006177,6.265120352210691,211,27
Spotted hake,78,1996,102.27829667340329,6.062490323664435,236,27
Spotted hake,78,1997,100.82168376416053,6.776149959895955,216,27
Spotted hake,78,1998,100.11110787137805,6.802028174730809,331,27
Spotted hake,78,1999,100.58809024362834,6.748069757927065,265,27
Spotted hake,78,2000,101.41835502052551,6.711617760122799,147,27
Spotted hake,78,2001,100.53683031569791,5.882423090008168,146,27
Spotted hake,78,2002,99.27761026623504,6.6502927157590275,157,27
Spotted hake,78,2003,100.95525368112563,6.704414544990017,217,27
Spotted hake,78,2004,99.76837903244527,6.63879750176623,101,27
Spotted hake,78,2005,99.88601041357856,6.559965036353938,140,27
Spotted hake,78,2006,99.85710066415851,6.440904069510477,156,27
Spotted hake,78,2007,99.31085988975359,6.174128615705468,96,27
Spotted hake,78,2008,99.6316256446844,6.488362076818869,144,27
Spotted hake,78,2009,98.72312842378909,6.497343576822949,191,27
Spotted hake,78,2010,101.40184394076422,6.7918297185955145,97,27
Spotted hake,78,2011,101.4618647830718,6.527885278279405,184,27
Spotted hake,78,2012,99.90710015885251,6.287131794203749,207,27
Spotted hake,78,2013,101.37724816723953,6.750366595379158,210,27
Spotted hake,78,2014,100.42447234000674,6.596917479369166,180,27
Spotted hake,78,2015,101.20050727346185,5.975609943897447,206,27
Spotted hake,78,2016,100.45094065565473,6.56414143452126,207,27
Spotted hake,78,2018,100.3510982680014,6.81260306543669,204,27
Spotted hake,78,2019,101.69114120481078,6.310840965901993,216,27
Summer flounder,103,1992,99.89258572513847,4.7634228139729915,172,28
Summer flounder,103,1993,100.9672287794424,4.912253682720423,98,28
Summer flounder,103,1994,101.25624390310294,5.2075662354976195,114,28
Summer flounder,103,1995,100.45749773045873,5.334670293581451,133,28
Summer flounder,103,1996,100.1480638344653,5.445757846442083,155,28
Summer flounder,103,1997,101.70806492226393,4.914998914671221,275,28
Summer flounder,103,1998,100.05335459950825,4.693458970061998,324,28
Summer flounder,103,1999,99.93373583863574,4.844906892348654,224,28
Summer flounder,103,2000,100.77011798536972,5.021288957968107,233,28
Summer flounder,103,2001,99.17726683813245,5.08738881623884,216,28
Summer flounder,103,2002,98.50356552060771,4.947188780957517,200,28
Summer flounder,103,2003,100.30794936415073,5.159076714557979,150,28
Summer flounder,103,2004,99.3142567687863,4.908271006356207,209,28
Summer flounder,103,2005,99.09758346825589,4.927721560765741,212,28
Summer flounder,103,2006,99.77379106071353,5.16394527104772,210,28
Summer flounder,103,2007,99.08131477109121,5.2493169415876055,212,28
Summer flounder,103,2008,99.95391189980342,4.967976669483131,628,28
Summer flounder,103,2009,99.22474732876624,5.13783446506292,560,28
Summer flounder,103,2010,99.48146204798962,5.253346206203286,472,28
Summer flounder,103,2011,99.25311694843168,5.080177682734468,489,28
Summer flounder,103,2012,99.93359608205363,5.055842333952479,454,28
Summer flounder,103,2013,99.20528116304864,5.060725660580795,373,28
Summer flounder,103,2014,100.24696489933858,5.135251300285148,472,28
Summer flounder,103,2015,99.88041215845934,5.071198505460177,463,28
Summer flounder,103,2016,100.85728336314514,5.160343717609861,430,28
Summer flounder,103,2017,100.25147767209255,5.137299370949473,81,28
Summer flounder,103,2018,100.35989528327514,5.354440058164595,344,28
Summer flounder,103,2019,99.26117226087295,5.214633546146462,350,28
Thorny skate,28,1992,96.56171320824299,7.210892939664396,75,28
Thorny skate,28,1993,97.5375251770423,8.408558512166685,60,28
Thorny skate,28,1994,97.43871050859126,7.784450548520756,60,28
Thorny skate,28,1995,97.83385309464329,8.546276255946022,51,28
Thorny skate,28,1996,94.74029151720735,6.905395206206238,47,28
Thorny skate,28,1997,99.623334802241,9.302664220898473,26,28
Thorny skate,28,1998,97.58362558006384,8.022023191533854,46,28
Thorny skate,28,1999,100.1891459178196,7.611474901660961,26,28
Thorny skate,28,2000,96.22097221585616,8.016961785393766,48,28
Thorny skate,28,2001,96.01943328527092,8.319794129230443,34,28
Thorny skate,28,2002,95.32457076645665,7.639832822281745,25,28
Thorny skate,28,2003,95.09717606720278,7.34175433713329,74,28
Thorny skate,28,2004,98.50625371538165,7.042859714558951,28,28
Thorny skate,28,2005,95.82421484176761,7.7342026671935455,19,28
Thorny skate,28,2006,98.70089131069747,9.260904976577663,25,28
Thorny skate,28,2007,93.41337864282744,5.880580014393389,16,28
Thorny skate,28,2008,99.16551511775994,10.562900062141095,14,28
Thorny skate,28,2009,99.14659694923184,9.325672662773314,47,28
Thorny skate,28,2010,97.00719396460788,7.916750246729289,43,28
Thorny skate,28,2011,96.9281628545363,9.399339638645978,49,28
Thorny skate,28,2012,96.13436101264972,7.554867358527239,27,28
Thorny skate,28,2013,98.3558367936212,8.23695982803793,47,28
Thorny skate,28,2014,99.34190250323742,7.852116438237863,71,28
Thorny skate,28,2015,103.38454398211617,7.849736227440509,51,28
Thorny skate,28,2016,99.3347146075163,8.09303127017893,43,28
Thorny skate,28,2017,94.60400679802241,6.750888631382628,59,28
Thorny skate,28,2018,99.28232673997415,8.240715049334538,57,28
Thorny skate,28,2019,99.83819997661247,7.510805074325691,51,28
Weakfish,145,1992,83.15444193793415,10.13732859102393,141,27
Weakfish,145,1993,84.90503203603684,13.393402108352236,32,27
Weakfish,145,1994,81.7012712529887,7.739479681501302,121,27
Weakfish,145,1995,81.26205658643536,8.6806767818059285,275,27
Weakfish,145,1996,79.84467098584318,8.580722663354143,207,27
Weakfish,145,1997,76.44675017885073,6.780882932958185,96,27
Weakfish,145,1998,83.54716687105768,7.473115369445604,328,27
Weakfish,145,1999,82.94887430337121,10.76079192746444,301,27
Weakfish,145,2000,80.18456798767113,6.864228143848984,284,27
Weakfish,145,2001,80.53245940233333,9.920390245712126,299,27
Weakfish,145,2002,78.04944052084508,7.951897418606074,290,27
Weakfish,145,2003,80.203998936331,7.765237907299863,550,27
Weakfish,145,2004,76.4605745661789,6.851541519661503,312,27
Weakfish,145,2005,76.4009526443247,7.233240012624794,315,27
Weakfish,145,2006,75.56896616030178,7.918523410300534,602,27
Weakfish,145,2007,74.43970036117746,6.179061031327272,302,27
Weakfish,145,2008,73.96995457386416,6.719765556423582,288,27
Weakfish,145,2009,79.51383787404993,10.199681999186543,92,27
Weakfish,145,2010,81.33830367539994,8.983734239843313,134,27
Weakfish,145,2011,75.33916523690735,7.557246833790759,223,27
Weakfish,145,2012,77.32198148588971,8.195721650571162,125,27
Weakfish,145,2013,78.86881382926487,6.63981207550631,14,27
Weakfish,145,2014,80.81908158964713,6.157676417486341,81,27
Weakfish,145,2015,78.39313839280528,10.663718117455485,101,27
Weakfish,145,2016,77.31579608386342,8.834732195805916,193,27
Weakfish,145,2018,79.15120670669579,9.427151423764366,167,27
Weakfish,145,2019,77.19304107337862,7.244342734847206,143,27
White hake,76,1992,102.67058987237014,7.247374151481318,465,28
White hake,76,1993,105.5558850416516,6.099690084990155,396,28
White hake,76,1994,103.52057411633764,7.13065100321221,352,28
White hake,76,1995,103.682583356269,6.986714704594196,343,28
White hake,76,1996,104.45778653942595,6.753766056225766,184,28
White hake,76,1997,104.2846067360975,7.0428275723042715,156,28
White hake,76,1998,103.75528062355993,7.857216228554096,234,28
White hake,76,1999,105.52430424718625,6.3326239136281135,226,28
White hake,76,2000,102.56341400137062,7.4929126123350605,317,28
White hake,76,2001,104.51428936093684,6.949172095287881,252,28
White hake,76,2002,103.47402649915482,6.843465590522134,265,28
White hake,76,2003,102.7693644491158,7.592169300322401,238,28
White hake,76,2004,103.30804340378265,7.246475810671499,187,28
White hake,76,2005,103.26843834171537,7.6357694104226566,172,28
White hake,76,2006,104.85158665745662,6.692143039563984,251,28
White hake,76,2007,104.55331456249966,6.68455228424129,351,28
White hake,76,2008,103.28228113153904,7.043996411425655,383,28
White hake,76,2009,103.45674515092185,7.142963040214417,687,28
White hake,76,2010,103.09168897661617,7.141388572543612,698,28
White hake,76,2011,104.16082775309415,6.79161544504195,558,28
White hake,76,2012,105.44822963360765,6.612505766799276,494,28
White hake,76,2013,105.2108320885779,6.585634480157943,243,28
White hake,76,2014,105.7825429646071,6.65960467316054,328,28
White hake,76,2015,104.95756028713295,6.660637886571794,553,28
White hake,76,2016,102.9005137431909,7.027887300083789,714,28
White hake,76,2017,102.9053861672043,7.430827108795029,421,28
White hake,76,2018,105.27645018438221,6.291771465960334,187,28
White hake,76,2019,102.97619978110832,7.330727932442835,433,28
Windowpane,108,1992,98.85772241795287,10.868151389780088,271,27
Windowpane,108,1993,95.17091092734206,11.122167644029407,216,27
Windowpane,108,1994,101.53655524045514,11.436205326257166,175,27
Windowpane,108,1995,93.40780021790029,10.755708251044368,352,27
Windowpane,108,1996,94.71937490446538,10.929217428737296,276,27
Windowpane,108,1997,94.24057101749692,11.82383777196179,287,27
Windowpane,108,1998,91.86714794634108,12.07619605050338,403,27
Windowpane,108,1999,95.8236026408751,10.208394429081933,258,27
Windowpane,108,2000,92.96877833550472,11.61970242315666,164,27
Windowpane,108,2001,92.30743286791564,12.489140798709025,260,27
Windowpane,108,2002,92.67741317647943,10.083520461366923,231,27
Windowpane,108,2003,98.23256273664794,11.573812452744015,319,27
Windowpane,108,2004,94.89924381640624,11.372660940802662,188,27
Windowpane,108,2005,95.95230240713184,12.363075026315737,220,27
Windowpane,108,2006,95.99909210248178,9.386025379860527,296,27
Windowpane,108,2007,94.64344433288252,9.044246724747595,166,27
Windowpane,108,2008,97.03515183974261,11.418126452766954,216,27
Windowpane,108,2009,94.98009209731202,13.478314781303567,332,27
Windowpane,108,2010,97.79839795911296,11.753989149914613,436,27
Windowpane,108,2011,98.72718486085681,10.479461867129864,606,27
Windowpane,108,2012,100.42724737487211,10.772006973107677,526,27
Windowpane,108,2013,96.9409420168157,10.052556359481194,524,27
Windowpane,108,2014,100.52418896172648,10.251430008501307,444,27
Windowpane,108,2015,98.86173360163058,10.395519992234703,459,27
Windowpane,108,2016,98.48136582108994,10.879069279724261,485,27
Windowpane,108,2018,98.3778103045212,10.261716996855117,342,27
Windowpane,108,2019,97.87655600735252,9.859419327815644,407,27
Winter flounder,106,1992,102.22922376361355,5.743075586330917,219,28
Winter flounder,106,1993,102.87062389496464,5.560819024850195,140,28
Winter flounder,106,1994,102.98210731481073,5.375736898478811,243,28
Winter flounder,106,1995,101.15743286138735,5.581569542465041,274,28
Winter flounder,106,1996,101.73001058709097,5.790658543480797,227,28
Winter flounder,106,1997,102.29597584633946,5.298290468783417,434,28
Winter flounder,106,1998,102.18924062197216,5.431065446740011,333,28
Winter flounder,106,1999,102.26696193311462,5.591564365311373,275,28
Winter flounder,106,2000,101.33161483656721,5.498854234944857,366,28
Winter flounder,106,2001,101.08092983737981,5.729088674422126,391,28
Winter flounder,106,2002,100.08593327585994,5.556233346121189,421,28
Winter flounder,106,2003,100.32161448026295,5.8131342404783934,286,28
Winter flounder,106,2004,99.67433971497108,5.962543297119907,259,28
Winter flounder,106,2005,100.46674733595529,5.781858941837953,304,28
Winter flounder,106,2006,99.77474618100103,5.698916609513537,349,28
Winter flounder,106,2007,100.03684473689087,5.870568395997226,275,28
Winter flounder,106,2008,100.57251051827132,5.70269643480469,708,28
Winter flounder,106,2009,101.25549901932315,5.628360798262311,686,28
Winter flounder,106,2010,100.31047522894082,5.659073461491473,554,28
Winter flounder,106,2011,100.57904711110987,5.597788087759359,846,28
Winter flounder,106,2012,101.38128381529039,5.5456634441415895,778,28
Winter flounder,106,2013,100.98182598749872,5.7309043870513445,441,28
Winter flounder,106,2014,101.80232989057293,5.487570566953154,444,28
Winter flounder,106,2015,101.46504527483317,6.029598315781393,453,28
Winter flounder,106,2016,101.11940556546354,5.762986003692739,500,28
Winter flounder,106,2017,101.30738684944349,6.229782813740538,220,28
Winter flounder,106,2018,101.82570924177709,5.832501085252572,349,28
Winter flounder,106,2019,101.84917840734228,5.3854262687713,325,28
Winter skate,23,1992,98.73328155833363,6.8205599642536745,256,28
Winter skate,23,1993,99.69230561182177,6.584340656237636,207,28
Winter skate,23,1994,100.65804482431841,7.002053594782038,204,28
Winter skate,23,1995,98.9142073446821,6.690607185792656,359,28
Winter skate,23,1996,101.1161497035689,6.7099976682457765,226,28
Winter skate,23,1997,98.53744671450066,6.454189856614564,187,28
Winter skate,23,1998,99.4568203179675,6.8663965097693,344,28
Winter skate,23,1999,100.9499304891355,6.444177060845458,231,28
Winter skate,23,2000,99.56113779872851,6.72122829308065,228,28
Winter skate,23,2001,98.24993950107299,6.2972241902110495,269,28
Winter skate,23,2002,99.06215991763177,6.664673708219275,139,28
Winter skate,23,2003,99.46610637840455,7.00649526679449,161,28
Winter skate,23,2004,97.88665838336557,7.130571735675472,111,28
Winter skate,23,2005,99.1880801063351,6.581063485804421,111,28
Winter skate,23,2006,100.65868591375123,6.978850609353232,107,28
Winter skate,23,2007,101.99810341201393,6.949967550826899,102,28
Winter skate,23,2008,102.27618013381719,6.699694352489022,90,28
Winter skate,23,2009,99.21794291553853,7.794592642746239,90,28
Winter skate,23,2010,97.32292873412287,6.670502263117445,105,28
Winter skate,23,2011,97.65596452510886,7.053734931779285,102,28
Winter skate,23,2012,97.83981856506003,6.461754229774907,108,28
Winter skate,23,2013,99.98109254569121,6.522129980952506,114,28
Winter skate,23,2014,100.85508413198592,7.346714094835327,90,28
Winter skate,23,2015,100.74760703211778,6.47414386854356,87,28
Winter skate,23,2016,98.81635194543965,6.370263461183907,97,28
Winter skate,23,2017,98.5957181323788,7.5412234590782825,69,28
Winter skate,23,2018,96.6019978160667,6.230818210815656,76,28
Winter skate,23,2019,98.3062071343944,6.932375958476895,134,28
Witch flounder,107,1992,100.88568105729969,8.23374526067553,57,28
Witch flounder,107,1993,104.22682100038028,7.822042757250735,114,28
Witch flounder,107,1994,100.42697857663036,8.611212010711316,81,28
Witch flounder,107,1995,97.28746617186196,7.692488147630671,156,28
Witch flounder,107,1996,97.62045121741359,7.585903115812386,172,28
Witch flounder,107,1997,101.03675689084987,7.73773370901894,205,28
Witch flounder,107,1998,100.8934676645964,7.526196258270582,205,28
Witch flounder,107,1999,99.4611991388142,7.3610076106678015,224,28
Witch flounder,107,2000,98.00787744050515,7.317354048946783,177,28
Witch flounder,107,2001,98.37947963382847,7.514551070317966,225,28
Witch flounder,107,2002,97.94913303786102,7.523283514131159,181,28
Witch flounder,107,2003,97.91924531053054,7.186238337657519,184,28
Witch flounder,107,2004,100.05489214515077,7.614117386847977,122,28
Witch flounder,107,2005,99.04826746901819,8.056213465972686,91,28
Witch flounder,107,2006,98.79672629315796,7.166302871413015,135,28
Witch flounder,107,2007,98.25971031747434,7.979674610400454,121,28
Witch flounder,107,2008,98.4923143425881,7.922523825446653,380,28
Witch flounder,107,2009,100.06968839017183,7.453526763359418,363,28
Witch flounder,107,2010,99.65614521221832,7.811419280912275,334,28
Witch flounder,107,2011,98.30677337826799,7.769246772329195,385,28
Witch flounder,107,2012,99.60282655866773,7.6947397298030715,424,28
Witch flounder,107,2013,100.6716970187249,7.780027537084611,297,28
Witch flounder,107,2014,101.0270712986866,7.919930887766009,358,28
Witch flounder,107,2015,100.98145396297816,7.773162399223768,532,28
Witch flounder,107,2016,100.46110886765148,7.667965543497444,436,28
Witch flounder,107,2017,100.32949055725999,7.617199728828133,450,28
Witch flounder,107,2018,101.74479597726396,7.376398310583767,298,28
Witch flounder,107,2019,99.53793053981497,7.418193440733791,424,28
Yellowtail flounder,105,1992,96.34496505041702,8.52512232950511,154,28
Yellowtail flounder,105,1993,98.2676993571825,8.658552093164817,168,28
Yellowtail flounder,105,1994,101.14744749369059,10.423953169837795,215,28
Yellowtail flounder,105,1995,97.52817519992665,10.004832789445494,126,28
Yellowtail flounder,105,1996,99.33603828933211,9.5198901565879,235,28
Yellowtail flounder,105,1997,97.42762498309749,8.939966328876533,439,28
Yellowtail flounder,105,1998,97.47020735400626,8.551533585144194,534,28
Yellowtail flounder,105,1999,99.36950115374854,8.892491541114088,404,28
Yellowtail flounder,105,2000,95.61631858766177,8.706413119811932,281,28
Yellowtail flounder,105,2001,95.56365870200216,9.592305724319452,297,28
Yellowtail flounder,105,2002,93.51077018187341,8.4543641172506,256,28
Yellowtail flounder,105,2003,96.58300027441523,10.558064507903488,429,28
Yellowtail flounder,105,2004,97.53140066996156,10.373579614412751,2791,28
Yellowtail flounder,105,2005,97.33267903633464,9.394912181348323,3793,28
Yellowtail flounder,105,2006,93.77442280294835,8.106698641894539,478,28
Yellowtail flounder,105,2007,94.48425672900154,8.781634173750662,446,28
Yellowtail flounder,105,2008,96.05743699322237,9.531085061785946,3759,28
Yellowtail flounder,105,2009,93.1818202527223,9.009224578656774,2341,28
Yellowtail flounder,105,2010,93.07246344480822,9.420611985771021,813,28
Yellowtail flounder,105,2011,91.50180344504582,8.515719314027717,886,28
Yellowtail flounder,105,2012,93.37671129281588,8.882334580952087,801,28
Yellowtail flounder,105,2013,92.7760319169758,8.68641742012608,614,28
Yellowtail flounder,105,2014,93.06448890599265,9.158317936269007,634,28
Yellowtail flounder,105,2015,92.23457880584722,8.914742929224678,439,28
Yellowtail flounder,105,2016,93.22905181813219,9.137173922873501,582,28
Yellowtail flounder,105,2017,92.85263193746981,8.807153255460742,302,28
Yellowtail flounder,105,2018,94.4241567760233,9.395382226330575,344,28
Yellowtail flounder,105,2019,93.94095286499913,8.758681839006195,367,28
